,smiles,pKa,Amine_or_acid,sdf_filename,y_category
112,FC([H])(F)C1NCCCC1,7.99,Amine,NKADUAIXXKJUDE-UHFFFAOYSA-N_confors.sdf,"(7.524, 8.155]"
146,NCCC,10.03,Amine,WGYKZJWCGVVSQN-UHFFFAOYSA-N_confors.sdf,"(9.417, 10.048]"
57,NC1CCCCC1,10.58,Amine,PAFZNILMFXTMIY-UHFFFAOYSA-N_confors.sdf,"(10.048, 10.679]"
129,FC([H])([H])C1CNCCC1,10.32,Amine,XCFQIKQVRXAIEX-UHFFFAOYSA-N_confors.sdf,"(10.048, 10.679]"
158,CC(F)(F)CCN,9.57,Amine,INUCXBIYHAIRNX-UHFFFAOYSA-N_confors.sdf,"(9.417, 10.048]"
126,NC,10.78,Amine,BAVYZALUXZFZLV-UHFFFAOYSA-N_confors.sdf,"(10.679, 11.31]"
176,NC1C2(CC2)C1,9.41,Amine,TYUSITBZTFHUJR-UHFFFAOYSA-N_confors.sdf,"(8.786, 9.417]"
147,FC1(F)CCC1N,7.2,Amine,UHJMTZCOQFSWEC-UHFFFAOYSA-N_confors.sdf,"(6.893, 7.524]"
91,FC1(F)CNCC1,6.88,Amine,KVTUSMPNLUCCQO-UHFFFAOYSA-N_confors.sdf,"(6.262, 6.893]"
54,N[C@@H]1C[C@H]2C(F)(F)[C@H]2C1,8.89,Amine,SZCZPSZRXWBDBG-ZGQXEFDQSA-N_confors.sdf,"(8.786, 9.417]"
87,FC1CNC1,8.55,Amine,WQYAZBFZFIUIPL-UHFFFAOYSA-N_confors.sdf,"(8.155, 8.786]"
94,FC1CNCCC1,8.64,Amine,YUKQZLBLVRAJSW-UHFFFAOYSA-N_confors.sdf,"(8.155, 8.786]"
122,C1NCC1,11.29,Amine,HONIICLYMWZJFZ-UHFFFAOYSA-N_confors.sdf,"(10.679, 11.31]"
71,C1CCNCC1,11.12,Amine,NQRYJNQNLNOLGT-UHFFFAOYSA-N_confors.sdf,"(10.679, 11.31]"
177,NC1C2(C(F)(F)C2)C1,7.44,Amine,NQRQGOPQRXFXSA-UHFFFAOYSA-N_confors.sdf,"(6.893, 7.524]"
134,FC([H])(F)C1CNC1,9.57,Amine,IMROEAZUSMCUNE-UHFFFAOYSA-N_confors.sdf,"(9.417, 10.048]"
92,F[C@H]1CNC[C@H]1F,7.07,Amine,PHFTVEADDMICLE-ZXZARUISSA-N_confors.sdf,"(6.893, 7.524]"
171,N[C@@H]1[C@H](C(F)(F)F)C1,6.92,Amine,UDWSAEWNKJDWHU-GBXIJSLDSA-N_confors.sdf,"(6.893, 7.524]"
151,FC1(F)C(N)CCCC1,7.45,Amine,KATJLSLKDKAWTG-UHFFFAOYSA-N_confors.sdf,"(6.893, 7.524]"
69,CC12CCC(CC2)CN1,11.27,Amine,QOQFIGTUFLXDFE-UHFFFAOYSA-N_confors.sdf,"(10.679, 11.31]"
68,C12CCC(C2)CN1,10.42,Amine,GYLMCBOAXJVARF-UHFFFAOYSA-N_confors.sdf,"(10.048, 10.679]"
98,FC1CCNCC1,9.05,Amine,QBLLOOKBLTTXHB-UHFFFAOYSA-N_confors.sdf,"(8.786, 9.417]"
101,NC1(C(F)(F)F)CCC1,5.0,Amine,UYHQDFQKVUGCAQ-UHFFFAOYSA-N_confors.sdf,"(4.994, 5.631]"
72,FC(F)(F)C12CCCC(C2)CN1,5.96,Amine,YSTGVVKRPDLFKS-UHFFFAOYSA-N_confors.sdf,"(5.631, 6.262]"
88,FC1(F)CNC1,6.44,Amine,QUHVRXKSQHIZNV-UHFFFAOYSA-N_confors.sdf,"(6.262, 6.893]"
90,FC1CNCC1,8.87,Amine,CDDGNGVFPQRJJM-UHFFFAOYSA-N_confors.sdf,"(8.786, 9.417]"
172,N[C@H]1[C@H](C(F)([H])F)C1,7.76,Amine,GAIGMFMTIOWSIT-PWNYCUMCSA-N_confors.sdf,"(7.524, 8.155]"
144,NCCCC(F)(F)[H],10.04,Amine,UREOFAQFBIQBEZ-UHFFFAOYSA-N_confors.sdf,"(9.417, 10.048]"
99,F[C@H]1[C@@H](F)CNCC1,7.01,Amine,BQWQIGWFVSNAHY-UHNVWZDZSA-N_confors.sdf,"(6.893, 7.524]"
55,N[C@H]1C[C@H]2C(F)(F)[C@H]2C1,8.95,Amine,SZCZPSZRXWBDBG-ZXFHETKHSA-N_confors.sdf,"(8.786, 9.417]"
165,NC(C1)CC21CC(F)C2,9.81,Amine,LVSVZDQMCAZVSW-UHFFFAOYSA-N_confors.sdf,"(9.417, 10.048]"
159,NCCCC(F)F,10.01,Amine,UREOFAQFBIQBEZ-UHFFFAOYSA-N_confors.sdf,"(9.417, 10.048]"
77,FC1(F)C2CNCC1CCC2,7.72,Amine,NGVPSBONRJASED-UHFFFAOYSA-N_confors.sdf,"(7.524, 8.155]"
113,[H]C([H])(F)C1NCCCC1,9.52,Amine,VMMNQROZBNSKSB-UHFFFAOYSA-N_confors.sdf,"(9.417, 10.048]"
58,N[C@H]1C[C@H]2C[C@H]2C1,9.79,Amine,HAEHSFVDBQNHOX-FMCRUOTFSA-N_confors.sdf,"(9.417, 10.048]"
170,N[C@H]1[C@H](C(F)(F)F)C1,7.18,Amine,UDWSAEWNKJDWHU-PWNYCUMCSA-N_confors.sdf,"(6.893, 7.524]"
107,N[C@@H]1C[C@@H](C(F)(F)[H])C1,9.17,Amine,VJFAMWLVDBNHLQ-JPYJGEKTSA-N_confors.sdf,"(8.786, 9.417]"
74,CC12CCCC(C2)CN1,10.99,Amine,GKCQLNYFRZQACN-UHFFFAOYSA-N_confors.sdf,"(10.679, 11.31]"
132,FC([H])([H])C1CNCC1,10.38,Amine,AEHIVNSTDRLJBL-UHFFFAOYSA-N_confors.sdf,"(10.048, 10.679]"
63,C1CCCN1,11.29,Amine,RWRDLPDLKQPQOW-UHFFFAOYSA-N_confors.sdf,"(10.679, 11.31]"
60,FC(F)(C1(NC2)CC2C1)F,6.52,Amine,GNFBNFXKMACPCP-UHFFFAOYSA-N_confors.sdf,"(6.262, 6.893]"
145,NCCCC(F)(F)F,9.74,Amine,LAXWLCVPJLBABV-UHFFFAOYSA-N_confors.sdf,"(9.417, 10.048]"
75,FC1(F)CC2CC(C1)CNC2,9.41,Amine,GFZAHDYPNLBJJM-UHFFFAOYSA-N_confors.sdf,"(8.786, 9.417]"
89,C1NCCC1,11.21,Amine,RWRDLPDLKQPQOW-UHFFFAOYSA-N_confors.sdf,"(10.679, 11.31]"
133,FC(F)(F)C1CNC1,8.67,Amine,YWMNMYONCOJLDA-UHFFFAOYSA-N_confors.sdf,"(8.155, 8.786]"
117,[H]C([H])(F)C1NCCC1,9.55,Amine,WMCKMBIRRGZGLE-UHFFFAOYSA-N_confors.sdf,"(9.417, 10.048]"
161,NC1CCCC1,10.52,Amine,NISGSNTVMOOSJQ-UHFFFAOYSA-N_confors.sdf,"(10.048, 10.679]"
139,NCC,10.75,Amine,QUSNBJAOOMFDIB-UHFFFAOYSA-N_confors.sdf,"(10.679, 11.31]"
81,O=S1(CC2CC(C1)CNC2)=O,8.14,Amine,NREJXOYHWHXSJX-UHFFFAOYSA-N_confors.sdf,"(7.524, 8.155]"
105,N[C@@H]1C[C@@H](C(F)(F)F)C1,8.74,Amine,MJHSTECNTRJFSB-JPYJGEKTSA-N_confors.sdf,"(8.155, 8.786]"
79,FC1(F)C2CNCC1COC2,8.05,Amine,ZGGHCXRVEDILOZ-UHFFFAOYSA-N_confors.sdf,"(7.524, 8.155]"
56,NC1CCC(F)(F)CC1,9.45,Amine,MQOFXVWAFFJFJH-UHFFFAOYSA-N_confors.sdf,"(9.417, 10.048]"
76,FC1(F)C2CNCC1CC(F)(F)C2,6.37,Amine,FSKJAUJWSJOFOG-UHFFFAOYSA-N_confors.sdf,"(6.262, 6.893]"
116,FC([H])(F)C1NCCC1,7.78,Amine,BRJUDDAYKBMPMV-UHFFFAOYSA-N_confors.sdf,"(7.524, 8.155]"
173,N[C@@H]1[C@H](C(F)([H])F)C1,7.16,Amine,GAIGMFMTIOWSIT-GBXIJSLDSA-N_confors.sdf,"(6.893, 7.524]"
142,[H]C(F)([H])C1CCNCC1,10.46,Amine,NMAWKWXNYXZOPN-UHFFFAOYSA-N_confors.sdf,"(10.048, 10.679]"
86,C1CCN1,11.13,Amine,HONIICLYMWZJFZ-UHFFFAOYSA-N_confors.sdf,"(10.679, 11.31]"
121,[H]C([H])(F)C1NCC1,9.67,Amine,FJEHOKRORRMMCC-UHFFFAOYSA-N_confors.sdf,"(9.417, 10.048]"
140,FC(F)(F)C1CCNCC1,9.6,Amine,RDRQUUWCJTYHCT-UHFFFAOYSA-N_confors.sdf,"(9.417, 10.048]"
97,F[C@@H]1CNC[C@@H](F)C1,6.22,Amine,FXAZVBOIOYBLII-WHFBIAKZSA-N_confors.sdf,"(5.631, 6.262]"
137,NCCC(F)(F)[H],9.02,Amine,ITYSTTQEKQMPKF-UHFFFAOYSA-N_confors.sdf,"(8.786, 9.417]"
59,N[C@@H]1C[C@H]2C[C@H]2C1,9.77,Amine,HAEHSFVDBQNHOX-FPFOFBBKSA-N_confors.sdf,"(9.417, 10.048]"
70,C12CCC(CC2)CN1,10.89,Amine,KPUSZZFAYGWAHZ-UHFFFAOYSA-N_confors.sdf,"(10.679, 11.31]"
168,N[C@@H]1CC[C@H]1C(F)([H])F,8.98,Amine,XLYVASGSYGCJCL-QWWZWVQMSA-N_confors.sdf,"(8.786, 9.417]"
80,C1(COC2)CC2CNC1,10.4,Amine,DTGDMYHJFTVULL-UHFFFAOYSA-N_confors.sdf,"(10.048, 10.679]"
154,FC1(F)C(N)CCCCC1,8.13,Amine,SWSFVFBQIOSZJH-UHFFFAOYSA-N_confors.sdf,"(7.524, 8.155]"
174,C[C@@H]1C[C@H]1N,9.44,Amine,PYTANBUURZFYHD-QWWZWVQMSA-N_confors.sdf,"(9.417, 10.048]"
83,FC1(F)C2CNCC1CC2,7.69,Amine,ARZGRQADWCHYAO-UHFFFAOYSA-N_confors.sdf,"(7.524, 8.155]"
96,F[C@@H]1CNC[C@H](F)C1,6.74,Amine,FXAZVBOIOYBLII-SYDPRGILSA-N_confors.sdf,"(6.262, 6.893]"
148,FC1(F)CC(N)C1,8.37,Amine,RKATWUBDSJHPEV-UHFFFAOYSA-N_confors.sdf,"(8.155, 8.786]"
167,N[C@@H]1CC[C@H]1C(F)(F)F,7.95,Amine,MEOSMVOYORVSJA-QWWZWVQMSA-N_confors.sdf,"(7.524, 8.155]"
169,N[C@@H]1CC[C@H]1C([H])([H])F,9.32,Amine,YWNKFYBBNKCGCH-CRCLSJGQSA-N_confors.sdf,"(8.786, 9.417]"
135,FC([H])([H])C1CNC1,10.05,Amine,XHELGHANYVVRLW-UHFFFAOYSA-N_confors.sdf,"(10.048, 10.679]"
114,C1CNCCC1,11.12,Amine,NQRYJNQNLNOLGT-UHFFFAOYSA-N_confors.sdf,"(10.679, 11.31]"
119,FC(F)(F)C1NCC1,5.84,Amine,LIIQGGQFRCUFCZ-UHFFFAOYSA-N_confors.sdf,"(5.631, 6.262]"
108,N[C@@H]1C[C@H](C(F)(F)[H])C1,9.04,Amine,VJFAMWLVDBNHLQ-ZXZARUISSA-N_confors.sdf,"(8.786, 9.417]"
131,FC([H])(F)C1CNCC1,9.75,Amine,UZOUSFRKYIBWJB-UHFFFAOYSA-N_confors.sdf,"(9.417, 10.048]"
125,NCC([H])(F)[H],8.96,Amine,FURHRJBOFNDYTG-UHFFFAOYSA-N_confors.sdf,"(8.786, 9.417]"
141,[H]C(F)(F)C1CCNCC1,10.19,Amine,DOZRCMTUKBBOSG-UHFFFAOYSA-N_confors.sdf,"(10.048, 10.679]"
136,NCCC(F)(F)F,8.88,Amine,NGZVNONVXYLYQW-UHFFFAOYSA-N_confors.sdf,"(8.786, 9.417]"
111,FC(F)(F)C1NCCCC1,6.41,Amine,NAXDEFXCCITWEU-UHFFFAOYSA-N_confors.sdf,"(6.262, 6.893]"
73,C12CCCC(C2)CN1,10.38,Amine,VJPPDEZWWKCSIV-UHFFFAOYSA-N_confors.sdf,"(10.048, 10.679]"
66,FC(F)(F)C12CCC(CC2)CN1,6.56,Amine,IFWCLAGZRWVYOR-UHFFFAOYSA-N_confors.sdf,"(6.262, 6.893]"
85,FC1(F)CCNCC1,7.75,Amine,MJOUJKDTBGXKIU-UHFFFAOYSA-N_confors.sdf,"(7.524, 8.155]"
102,NC1(C(F)F)CCC1,6.62,Amine,BABBZOQDMALYMY-UHFFFAOYSA-N_confors.sdf,"(6.262, 6.893]"
61,FC(F)(C1CCCN1)F,6.06,Amine,VINAMCOZNJHNIH-UHFFFAOYSA-N_confors.sdf,"(5.631, 6.262]"
82,FC1(F)C(C2)CNCC1CS2(=O)=O,5.27,Amine,NXHQSFINRGXDEI-UHFFFAOYSA-N_confors.sdf,"(4.994, 5.631]"
65,FC(F)(F)C12CCC(C2)CN1,6.23,Amine,OLENGHRJEKDNNN-UHFFFAOYSA-N_confors.sdf,"(5.631, 6.262]"
84,C1(CC2)CC2CNC1,10.53,Amine,CJQNJRRDTPULTL-UHFFFAOYSA-N_confors.sdf,"(10.048, 10.679]"
150,FC1(F)CC(N)CC1,8.83,Amine,QLOHXGYAULHFOG-UHFFFAOYSA-N_confors.sdf,"(8.786, 9.417]"
109,N[C@@H]1C[C@@H](C(F)([H])[H])C1,9.58,Amine,JTADMUVGLNJBPY-URHBZAFASA-N_confors.sdf,"(9.417, 10.048]"
120,FC([H])(F)C1NCC1,7.83,Amine,XNXYWBFKPOTFKD-UHFFFAOYSA-N_confors.sdf,"(7.524, 8.155]"
78,C1(CCC2)CC2CNC1,10.86,Amine,XAIUACHCJPWUEF-UHFFFAOYSA-N_confors.sdf,"(10.679, 11.31]"
138,NCCC(F)([H])[H],10.05,Amine,YTHVGJSPULXGNY-UHFFFAOYSA-N_confors.sdf,"(10.048, 10.679]"
155,FC1(F)CC(N)CCCC1,9.35,Amine,IGVISOHTYUJWKZ-UHFFFAOYSA-N_confors.sdf,"(8.786, 9.417]"
106,N[C@@H]1C[C@H](C(F)(F)F)C1,8.6,Amine,MJHSTECNTRJFSB-ZXZARUISSA-N_confors.sdf,"(8.155, 8.786]"
118,C1CNCC1,11.31,Amine,RWRDLPDLKQPQOW-UHFFFAOYSA-N_confors.sdf,"(10.679, 11.31]"
153,FC1(F)CCC(N)CC1,9.45,Amine,MQOFXVWAFFJFJH-UHFFFAOYSA-N_confors.sdf,"(9.417, 10.048]"
100,F[C@H]1[C@H](F)CNCC1,7.02,Amine,BQWQIGWFVSNAHY-RFZPGFLSSA-N_confors.sdf,"(6.893, 7.524]"
